,Model,Accuracy,Confusion Matrix
0,LogisticRegression,0.7962962962962963,"[[128  54]
 [ 23 173]]"
1,GaussianNB,0.7407407407407407,"[[119  63]
 [ 35 161]]"
2,SVC,0.917989417989418,"[[165  17]
 [ 14 182]]"
3,DecisionTreeClassifier,0.955026455026455,"[[175   7]
 [ 10 186]]"
4,KNeighbourClassifier,0.9153439153439153,"[[162  20]
 [ 12 184]]"
5,RandomForestClassifier,0.9603174603174603,"[[176   6]
 [  9 187]]"
6,XGBClassifier,0.9603174603174603,"[[177   5]
 [ 10 186]]"
7,BernoulliNB,0.7857142857142857,"[[135  47]
 [ 34 162]]"
